,precision,recall,f1-score,support
Ayeyarwady,0.95,0.93,0.94,1283.0
Bago (East),0.94,0.92,0.93,498.0
Bago (West),0.92,0.93,0.92,402.0
Chin,0.93,0.94,0.94,451.0
Kachin,0.96,0.87,0.91,552.0
Kayah,0.96,0.94,0.95,148.0
Kayin,0.96,0.92,0.94,333.0
Magway,0.91,0.93,0.92,1138.0
Mandalay,0.91,0.92,0.92,903.0
Mon,0.98,0.93,0.95,311.0
Nay Pyi Taw,0.97,0.91,0.94,96.0
Rakhine,0.92,0.96,0.94,755.0
Sagaing,0.93,0.9,0.91,1559.0
Shan (East),0.87,0.78,0.82,172.0
Shan (North),0.85,0.96,0.9,915.0
Shan (South),0.83,0.82,0.83,330.0
Tanintharyi,0.95,0.9,0.92,311.0
Yangon,0.94,0.93,0.93,403.0
accuracy,0.9204545454545454,0.9204545454545454,0.9204545454545454,0.9204545454545454
macro avg,0.93,0.91,0.92,10560.0
weighted avg,0.92,0.92,0.92,10560.0
top_3_accuracy,0.9890151515151515,0.9890151515151515,0.9890151515151515,0.9890151515151515
