,precision,recall,f1-score,support
Ayeyarwady,0.97,0.95,0.96,1283.0
Bago (East),0.94,0.87,0.9,498.0
Bago (West),0.85,0.93,0.89,402.0
Chin,1.0,0.97,0.98,451.0
Kachin,0.98,0.98,0.98,552.0
Kayah,0.99,0.97,0.98,148.0
Kayin,0.96,0.98,0.97,333.0
Magway,0.95,0.94,0.94,1138.0
Mandalay,0.9,0.94,0.92,903.0
Mon,0.97,0.97,0.97,311.0
Nay Pyi Taw,0.86,0.67,0.75,96.0
Rakhine,0.97,0.96,0.96,755.0
Sagaing,0.96,0.97,0.97,1559.0
Shan (East),0.96,0.94,0.95,172.0
Shan (North),0.98,0.98,0.98,915.0
Shan (South),0.93,0.89,0.91,330.0
Tanintharyi,0.94,0.95,0.94,311.0
Yangon,0.89,0.96,0.92,403.0
accuracy,0.95,0.95,0.95,0.95
macro avg,0.94,0.93,0.94,10560.0
weighted avg,0.95,0.95,0.95,10560.0
top_3_accuracy,0.9943181818181818,0.9943181818181818,0.9943181818181818,0.9943181818181818
